interaction_id,user_id,item_id,item_type,action_type,action_weight
1,3,1,tour,click,3
2,3,1,tour,view,2
3,3,13,tour,click,3
4,3,13,tour,view,2
5,3,19,tour,view,2
6,3,45,tour,view,2
7,3,44,tour,view,2
8,3,10,tour,click,3
9,3,10,tour,view,2
10,3,1,hotel,view,2
11,3,1,hotel,view,2
12,3,5,hotel,view,2
13,3,0,tour,search,1
14,3,97,attraction,click,3
15,3,97,attraction,view,2
16,3,97,attraction,click,3
17,3,97,attraction,view,2
18,3,42,tour,click,3
19,3,42,tour,view,2
20,3,0,tour,search,1
21,3,96,attraction,click,3
22,3,96,attraction,view,2
23,3,0,tour,search,1
24,3,0,tour,search,1
25,3,42,tour,click,3
26,3,42,tour,view,2
27,3,43,tour,click,3
28,3,43,tour,view,2
29,3,51,hotel,click,3
30,3,51,hotel,view,2
31,3,0,tour,search,1
32,3,78,attraction,click,3
33,3,78,attraction,view,2
34,4,0,tour,search,1
35,4,78,attraction,click,3
36,4,78,attraction,view,2
37,4,30,tour,click,3
38,4,30,tour,view,2
39,4,33,hotel,click,3
40,4,33,hotel,view,2
41,4,33,hotel,book,5
42,4,30,tour,click,3
43,4,30,tour,view,2
44,4,0,tour,search,1
45,4,67,tour,click,3
46,4,67,tour,view,2
47,4,75,hotel,click,3
48,4,75,hotel,view,2
49,4,73,restaurant,click,3
50,4,73,restaurant,view,2
51,4,0,tour,search,1
52,4,1,restaurant,click,3
53,4,1,restaurant,view,2
54,4,3,attraction,click,3
55,4,3,attraction,view,2
56,4,3,attraction,book,5
57,4,3,restaurant,click,3
58,4,3,restaurant,view,2
59,4,42,tour,click,3
60,4,42,tour,view,2
61,4,43,tour,click,3
62,4,43,tour,view,2
63,4,51,hotel,click,3
64,4,51,hotel,view,2
65,4,97,attraction,click,3
66,4,97,attraction,view,2
67,4,100,hotel,click,3
68,4,100,hotel,view,2
69,4,73,restaurant,click,3
70,4,73,restaurant,view,2
71,4,1,restaurant,click,3
72,4,1,restaurant,view,2
73,5,29,hotel,click,3
74,5,29,hotel,view,2
75,5,29,hotel,favorite,4
76,5,29,hotel,book,5
77,5,0,tour,search,1
78,5,0,attraction,search,1
79,5,4,tour,click,3
80,5,4,tour,view,2
81,5,4,restaurant,click,3
82,5,4,restaurant,view,2
83,5,4,restaurant,book,5
84,5,7,hotel,click,3
85,5,7,hotel,view,2
86,5,7,hotel,book,5
87,5,9,attraction,view,2
88,5,9,attraction,favorite,4
89,6,92,tour,click,3
90,6,92,tour,view,2
91,6,92,tour,favorite,4
92,6,0,tour,search,1
93,6,107,hotel,click,3
94,6,107,hotel,view,2
95,6,146,attraction,click,3
96,6,146,attraction,view,2
97,6,92,tour,click,3
98,6,92,tour,view,2
99,6,92,tour,book,5
100,6,111,hotel,click,3
101,6,111,hotel,view,2
102,6,111,hotel,favorite,4
103,6,10,restaurant,click,3
104,6,10,restaurant,view,2
105,6,0,tour,search,1
106,6,33,hotel,click,3
107,6,33,hotel,view,2
108,6,33,hotel,favorite,4
109,6,79,attraction,click,3
110,6,79,attraction,view,2
111,6,31,tour,click,3
112,6,31,tour,view,2
113,6,79,attraction,click,3
114,6,79,attraction,view,2
115,6,0,tour,search,1
116,6,79,attraction,click,3
117,6,79,attraction,view,2
118,6,79,attraction,book,5
119,3,0,tour,search,1
120,3,107,restaurant,click,3
121,3,107,restaurant,view,2
122,3,107,restaurant,book,5
123,3,107,restaurant,click,3
124,3,107,restaurant,view,2
125,3,107,restaurant,favorite,4
126,12,45,tour,view,2
127,18,9,hotel,click,3
128,25,73,attraction,view,2
129,31,12,restaurant,favorite,4
130,44,101,tour,click,3
131,56,88,hotel,view,2
132,63,150,attraction,click,3
133,70,27,restaurant,view,2
134,77,5,tour,search,1
135,84,64,hotel,favorite,4
136,91,33,tour,view,2
137,98,119,attraction,click,3
138,15,44,restaurant,view,2
139,22,92,hotel,book,5
140,36,71,tour,favorite,4
141,49,8,restaurant,click,3
142,58,130,hotel,view,2
143,66,165,attraction,favorite,4
144,73,59,tour,click,3
145,80,102,restaurant,view,2
146,87,14,hotel,search,1
147,95,118,tour,view,2
148,7,174,attraction,click,3
149,19,36,restaurant,favorite,4
150,28,60,hotel,view,2
151,34,11,tour,click,3
152,41,99,restaurant,view,2
153,52,121,hotel,favorite,4
154,60,142,attraction,click,3
155,69,77,tour,view,2
156,76,23,restaurant,search,1
157,82,90,hotel,click,3
158,89,157,attraction,view,2
159,97,48,tour,favorite,4
160,104,67,restaurant,click,3
161,11,115,hotel,view,2
162,21,162,attraction,favorite,4
163,32,85,tour,click,3
164,46,54,restaurant,view,2
165,59,136,hotel,book,5
206,12,31,tour,search,1
207,45,31,tour,click,3
208,88,31,tour,view,2
209,67,33,hotel,view,2
210,91,33,hotel,favorite,4
211,24,33,hotel,click,3
212,56,79,attraction,view,2
213,82,79,attraction,click,3
214,73,79,attraction,favorite,4
215,19,79,attraction,book,5
216,34,107,restaurant,view,2
217,58,107,restaurant,click,3
218,64,107,restaurant,favorite,4
219,71,107,restaurant,book,5
220,29,10,restaurant,view,2
221,87,10,restaurant,click,3
222,93,10,restaurant,favorite,4
223,14,111,hotel,view,2
224,52,111,hotel,click,3
225,98,111,hotel,favorite,4
226,21,79,attraction,search,1
227,44,79,attraction,view,2
228,76,79,attraction,click,3
229,101,79,attraction,favorite,4
230,63,79,attraction,book,5
231,12,5,tour,search,1
232,34,5,tour,view,2
233,78,5,tour,click,3
234,91,5,tour,favorite,4
235,56,5,tour,book,5
236,18,22,tour,search,1
237,67,22,tour,view,2
238,103,22,tour,click,3
239,25,41,tour,view,2
240,88,41,tour,click,3
241,44,10,hotel,search,1
242,73,10,hotel,view,2
243,95,10,hotel,click,3
244,16,33,hotel,view,2
245,61,33,hotel,favorite,4
246,84,33,hotel,click,3
247,29,72,hotel,view,2
248,102,72,hotel,book,5
249,14,9,attraction,search,1
250,47,9,attraction,view,2
251,69,9,attraction,click,3
252,22,79,attraction,view,2
253,58,79,attraction,favorite,4
254,91,79,attraction,book,5
255,36,120,attraction,view,2
256,77,120,attraction,click,3
257,19,15,restaurant,search,1
258,52,15,restaurant,view,2
259,86,15,restaurant,click,3
260,27,48,restaurant,view,2
261,63,48,restaurant,favorite,4
262,41,89,restaurant,view,2
263,74,89,restaurant,click,3
264,105,89,restaurant,book,5
265,33,127,restaurant,view,2
266,92,127,restaurant,favorite,4
267,14,12,tour,search,1
268,55,12,tour,view,2
269,89,12,tour,click,3
270,102,12,tour,favorite,4
271,21,45,tour,view,2
272,67,45,tour,click,3
273,93,45,tour,book,5
274,18,77,tour,search,1
275,59,77,tour,view,2
276,84,77,tour,click,3
277,33,25,hotel,search,1
278,71,25,hotel,view,2
279,96,25,hotel,favorite,4
280,12,80,hotel,view,2
281,64,80,hotel,click,3
282,105,80,hotel,book,5
283,27,9,attraction,search,1
284,48,9,attraction,view,2
285,90,9,attraction,click,3
286,36,79,attraction,view,2
287,73,79,attraction,favorite,4
288,101,79,attraction,book,5
289,19,134,attraction,search,1
290,61,134,attraction,view,2
291,88,134,attraction,click,3
292,22,17,restaurant,search,1
293,57,17,restaurant,view,2
294,86,17,restaurant,click,3
295,31,68,restaurant,view,2
296,69,68,restaurant,favorite,4
297,104,68,restaurant,book,5
298,25,120,restaurant,search,1
299,62,120,restaurant,view,2
300,95,120,restaurant,click,3
301,14,5,tour,search,1
302,22,5,tour,view,2
303,35,5,tour,click,3
304,48,5,tour,favorite,4
305,19,42,tour,view,2
306,61,42,tour,click,3
307,77,42,tour,favorite,4
308,9,88,tour,search,1
309,54,88,tour,view,2
310,93,88,tour,click,3
311,27,12,hotel,view,2
312,39,12,hotel,click,3
313,84,12,hotel,favorite,4
314,16,45,hotel,search,1
315,58,45,hotel,view,2
316,102,45,hotel,click,3
317,11,79,attraction,view,2
318,36,79,attraction,click,3
319,71,79,attraction,favorite,4
320,94,79,attraction,book,5
321,18,120,attraction,search,1
322,52,120,attraction,view,2
323,89,120,attraction,click,3
324,7,3,restaurant,view,2
325,44,3,restaurant,click,3
326,68,3,restaurant,favorite,4
327,21,57,restaurant,search,1
328,59,57,restaurant,view,2
329,86,57,restaurant,click,3
330,13,101,restaurant,view,2
331,47,101,restaurant,click,3
332,95,101,restaurant,favorite,4
333,31,127,restaurant,view,2
334,72,127,restaurant,click,3
335,104,127,restaurant,favorite,4
336,25,64,attraction,view,2
337,63,64,attraction,click,3
338,90,64,attraction,favorite,4
339,12,5,tour,search,1
340,34,5,tour,view,2
341,78,5,tour,click,3
342,91,5,tour,favorite,4
343,22,18,tour,view,2
344,56,18,tour,click,3
345,103,18,tour,book,5
346,17,44,tour,view,2
347,65,44,tour,click,3
348,9,31,hotel,search,1
349,48,31,hotel,view,2
350,72,31,hotel,click,3
351,95,31,hotel,favorite,4
352,14,64,hotel,view,2
353,59,64,hotel,click,3
354,27,89,hotel,view,2
355,81,89,hotel,favorite,4
356,6,12,attraction,search,1
357,44,12,attraction,view,2
358,77,12,attraction,click,3
359,18,75,attraction,view,2
360,63,75,attraction,click,3
361,102,75,attraction,favorite,4
362,25,120,attraction,view,2
363,68,120,attraction,click,3
364,11,4,restaurant,search,1
365,39,4,restaurant,view,2
366,74,4,restaurant,click,3
367,21,37,restaurant,view,2
368,66,37,restaurant,favorite,4
369,8,82,restaurant,view,2
370,53,82,restaurant,click,3
371,16,115,restaurant,view,2
372,61,115,restaurant,favorite,4
373,29,127,restaurant,view,2
374,90,127,restaurant,click,3
375,14,12,tour,search,1
376,57,12,tour,view,2
377,91,12,tour,click,3
378,23,45,tour,view,2
379,66,45,tour,favorite,4
380,38,78,tour,search,1
381,84,78,tour,click,3
382,102,78,tour,book,5
383,19,33,hotel,view,2
384,72,33,hotel,click,3
385,95,33,hotel,favorite,4
386,41,65,hotel,search,1
387,88,65,hotel,view,2
388,27,91,hotel,view,2
389,59,91,hotel,click,3
390,16,79,attraction,search,1
391,44,79,attraction,view,2
392,73,79,attraction,click,3
393,101,79,attraction,favorite,4
394,34,120,attraction,view,2
395,68,120,attraction,click,3
396,25,147,attraction,search,1
397,87,147,attraction,view,2
398,31,12,restaurant,search,1
399,56,12,restaurant,view,2
400,94,12,restaurant,click,3
401,18,47,restaurant,view,2
402,63,47,restaurant,favorite,4
403,29,89,restaurant,search,1
404,71,89,restaurant,view,2
405,106,89,restaurant,click,3
406,22,115,restaurant,view,2
407,58,115,restaurant,favorite,4
408,12,5,tour,view,2
409,34,5,tour,click,3
410,78,12,tour,favorite,4
411,56,12,tour,book,5
412,91,24,tour,view,2
413,18,24,tour,click,3
414,67,48,tour,search,1
415,83,48,tour,view,2
416,29,73,tour,click,3
417,104,73,tour,favorite,4
418,22,3,hotel,view,2
419,59,3,hotel,click,3
420,71,14,hotel,favorite,4
421,46,14,hotel,book,5
422,88,29,hotel,view,2
423,16,29,hotel,click,3
424,97,52,hotel,search,1
425,41,52,hotel,view,2
426,63,88,hotel,click,3
427,25,88,hotel,favorite,4
428,54,7,attraction,view,2
429,11,7,attraction,click,3
430,86,19,attraction,favorite,4
431,38,19,attraction,book,5
432,72,40,attraction,view,2
433,19,40,attraction,click,3
434,95,64,attraction,search,1
435,44,64,attraction,view,2
436,61,92,attraction,click,3
437,27,92,attraction,favorite,4
438,33,4,restaurant,view,2
439,80,4,restaurant,click,3
440,58,16,restaurant,favorite,4
441,21,16,restaurant,book,5
442,69,35,restaurant,view,2
443,14,35,restaurant,click,3
444,92,61,restaurant,search,1
445,47,61,restaurant,view,2
446,75,89,restaurant,click,3
447,30,89,restaurant,favorite,4
448,14,12,tour,search,1
449,38,12,tour,view,2
450,91,12,tour,click,3
451,56,12,tour,favorite,4
452,22,45,tour,view,2
453,79,45,tour,click,3
454,101,45,tour,book,5
455,33,78,hotel,search,1
456,64,78,hotel,view,2
457,88,78,hotel,click,3
458,19,78,hotel,favorite,4
459,47,101,hotel,view,2
460,72,101,hotel,click,3
461,95,101,hotel,book,5
462,28,79,attraction,search,1
463,59,79,attraction,view,2
464,86,79,attraction,click,3
465,103,79,attraction,favorite,4
466,67,79,attraction,book,5
467,16,134,attraction,view,2
468,51,134,attraction,click,3
469,92,134,attraction,favorite,4
470,24,44,restaurant,search,1
471,61,44,restaurant,view,2
472,85,44,restaurant,click,3
473,104,44,restaurant,favorite,4
474,18,107,restaurant,view,2
475,43,107,restaurant,click,3
476,77,107,restaurant,favorite,4
477,96,107,restaurant,book,5
478,35,120,restaurant,view,2
479,69,120,restaurant,click,3
480,102,120,restaurant,favorite,4
481,41,25,tour,view,2
482,74,25,tour,click,3
483,98,25,tour,favorite,4
484,12,31,tour,search,1
485,45,31,tour,click,3
486,88,31,tour,view,2
487,67,33,hotel,view,2
488,91,33,hotel,favorite,4
489,24,33,hotel,click,3
490,56,79,attraction,view,2
491,82,79,attraction,click,3
492,73,79,attraction,favorite,4
493,19,79,attraction,book,5
494,34,107,restaurant,view,2
495,58,107,restaurant,click,3
496,77,107,restaurant,favorite,4
497,21,12,tour,view,2
498,64,12,tour,click,3
499,95,12,tour,book,5
500,18,55,hotel,search,1
501,39,55,hotel,view,2
502,84,55,hotel,click,3
503,26,120,attraction,view,2
504,72,120,attraction,click,3
505,101,120,attraction,favorite,4
506,14,44,tour,search,1
507,63,44,tour,view,2
508,90,44,tour,click,3
509,27,88,hotel,view,2
510,52,88,hotel,favorite,4
511,36,140,attraction,view,2
512,69,140,attraction,click,3
513,41,22,restaurant,search,1
514,75,22,restaurant,view,2
515,98,22,restaurant,click,3
516,30,60,tour,view,2
517,87,60,tour,favorite,4
518,16,127,restaurant,view,2
519,59,127,restaurant,click,3
520,104,127,restaurant,favorite,4
521,12,5,tour,view,2
522,34,5,tour,click,3
523,78,5,tour,favorite,4
524,19,18,tour,search,1
525,65,18,tour,view,2
526,91,18,tour,click,3
527,27,33,hotel,view,2
528,84,33,hotel,favorite,4
529,53,33,hotel,click,3
530,44,67,hotel,view,2
531,98,67,hotel,click,3
532,71,67,hotel,favorite,4
533,15,79,attraction,search,1
534,62,79,attraction,view,2
535,90,79,attraction,click,3
536,41,79,attraction,favorite,4
537,22,120,attraction,view,2
538,76,120,attraction,click,3
539,105,120,attraction,book,5
540,31,44,restaurant,search,1
541,69,44,restaurant,view,2
542,87,44,restaurant,click,3
543,14,78,restaurant,view,2
544,58,78,restaurant,favorite,4
545,102,78,restaurant,click,3
546,25,107,restaurant,view,2
547,66,107,restaurant,click,3
548,94,107,restaurant,favorite,4
549,36,101,tour,search,1
550,81,101,tour,view,2
551,59,101,tour,click,3
552,47,124,tour,view,2
553,73,124,tour,favorite,4
554,106,124,tour,book,5
555,12,5,tour,search,1
556,34,5,tour,view,2
557,77,5,tour,click,3
558,91,5,tour,favorite,4
559,18,22,tour,view,2
560,63,22,tour,click,3
561,104,22,tour,book,5
562,27,89,hotel,search,1
563,55,89,hotel,view,2
564,88,89,hotel,click,3
565,96,89,hotel,favorite,4
566,14,102,hotel,view,2
567,61,102,hotel,click,3
568,79,102,hotel,book,5
569,23,41,attraction,search,1
570,48,41,attraction,view,2
571,72,41,attraction,click,3
572,101,41,attraction,favorite,4
573,19,120,attraction,view,2
574,67,120,attraction,click,3
575,90,120,attraction,book,5
576,31,7,restaurant,search,1
577,59,7,restaurant,view,2
578,83,7,restaurant,click,3
579,16,58,restaurant,view,2
580,44,58,restaurant,click,3
581,71,58,restaurant,favorite,4
582,25,103,restaurant,view,2
583,66,103,restaurant,click,3
584,92,103,restaurant,favorite,4
585,38,127,restaurant,view,2
586,84,127,restaurant,click,3
587,105,127,restaurant,book,5
588,12,5,tour,view,2
589,34,5,tour,click,3
590,78,12,tour,search,1
591,56,12,tour,view,2
592,91,18,tour,favorite,4
593,23,18,tour,click,3
594,67,24,tour,view,2
595,85,24,tour,book,5
596,44,31,tour,search,1
597,101,31,tour,click,3
598,29,40,tour,view,2
599,73,40,tour,favorite,4
600,88,55,tour,view,2
601,16,55,tour,click,3
602,64,72,tour,book,5
603,11,7,hotel,search,1
604,39,7,hotel,view,2
605,94,15,hotel,click,3
606,52,15,hotel,favorite,4
607,76,22,hotel,view,2
608,18,22,hotel,click,3
609,61,33,hotel,view,2
610,105,33,hotel,favorite,4
611,27,56,hotel,view,2
612,83,56,hotel,click,3
613,69,78,hotel,favorite,4
614,14,9,attraction,search,1
615,47,9,attraction,view,2
616,92,16,attraction,click,3
617,36,16,attraction,favorite,4
618,58,33,attraction,view,2
619,80,33,attraction,click,3
620,21,64,attraction,view,2
621,99,64,attraction,favorite,4
622,63,79,attraction,book,5
623,31,3,restaurant,search,1
624,75,3,restaurant,view,2
625,48,10,restaurant,click,3
626,102,10,restaurant,favorite,4
627,66,25,restaurant,view,2
628,19,25,restaurant,click,3
629,87,40,restaurant,favorite,4
630,54,60,restaurant,view,2
631,96,60,restaurant,click,3
632,12,31,tour,search,1
633,45,31,tour,click,3
634,88,31,tour,view,2
635,67,33,tour,view,2
636,91,33,tour,favorite,4
637,24,33,tour,click,3
638,56,79,attraction,view,2
639,82,79,attraction,click,3
640,73,79,attraction,favorite,4
641,19,79,attraction,book,5
642,34,107,restaurant,view,2
643,58,107,restaurant,click,3
644,76,107,restaurant,favorite,4
645,41,5,hotel,view,2
646,63,5,hotel,click,3
647,95,5,hotel,favorite,4
648,22,64,attraction,view,2
649,39,64,attraction,click,3
650,81,64,attraction,favorite,4
651,17,42,tour,view,2
652,66,42,tour,click,3
653,104,42,tour,favorite,4
654,29,82,attraction,view,2
655,54,82,attraction,click,3
656,90,82,attraction,book,5
657,8,12,hotel,view,2
658,47,12,hotel,click,3
659,61,120,restaurant,view,2
660,72,120,restaurant,click,3
661,98,120,restaurant,favorite,4
662,14,95,attraction,view,2
663,37,95,attraction,click,3
664,53,18,tour,view,2
665,86,18,tour,click,3
666,25,60,hotel,view,2
667,69,60,hotel,favorite,4
668,31,150,attraction,view,2
669,84,150,attraction,click,3
670,44,101,restaurant,view,2
671,100,101,restaurant,click,3
672,14,5,tour,search,1
673,27,5,tour,view,2
674,63,5,tour,click,3
675,81,5,tour,favorite,4
676,19,44,tour,view,2
677,52,44,tour,click,3
678,94,44,tour,book,5
679,33,79,tour,search,1
680,70,79,tour,view,2
681,11,33,hotel,view,2
682,48,33,hotel,click,3
683,86,33,hotel,favorite,4
684,21,71,hotel,search,1
685,59,71,hotel,view,2
686,102,71,hotel,click,3
687,16,89,hotel,view,2
688,77,89,hotel,favorite,4
689,25,79,attraction,search,1
690,46,79,attraction,view,2
691,68,79,attraction,click,3
692,91,79,attraction,favorite,4
693,18,120,attraction,view,2
694,57,120,attraction,click,3
695,99,120,attraction,book,5
696,22,150,attraction,view,2
697,64,150,attraction,favorite,4
698,17,45,restaurant,search,1
699,39,45,restaurant,view,2
700,74,45,restaurant,click,3
701,29,88,restaurant,view,2
702,61,88,restaurant,favorite,4
703,13,107,restaurant,search,1
704,55,107,restaurant,view,2
705,98,107,restaurant,click,3
706,36,127,restaurant,view,2
707,84,127,restaurant,book,5
708,12,5,tour,view,2
709,45,18,tour,click,3
710,78,42,tour,favorite,4
711,91,77,tour,book,5
712,33,101,tour,view,2
713,54,12,hotel,view,2
714,88,25,hotel,click,3
715,67,44,hotel,favorite,4
716,21,60,hotel,view,2
717,102,82,hotel,click,3
718,17,3,attraction,view,2
719,64,14,attraction,click,3
720,95,35,attraction,favorite,4
721,38,67,attraction,view,2
722,76,120,attraction,click,3
723,59,9,restaurant,view,2
724,84,21,restaurant,click,3
725,16,34,restaurant,favorite,4
726,97,58,restaurant,view,2
727,41,77,restaurant,click,3
728,23,66,tour,view,2
729,70,88,tour,click,3
730,104,120,tour,favorite,4
731,36,15,tour,view,2
732,62,53,tour,click,3
733,48,96,hotel,view,2
734,73,108,hotel,click,3
735,19,121,hotel,favorite,4
736,86,132,hotel,view,2
737,57,136,hotel,click,3
738,11,142,attraction,view,2
739,69,150,attraction,click,3
740,93,161,attraction,favorite,4
741,28,168,attraction,view,2
742,75,174,attraction,click,3
743,32,92,restaurant,view,2
744,66,101,restaurant,click,3
745,90,113,restaurant,favorite,4
746,14,119,restaurant,view,2
747,58,127,restaurant,click,3
748,15,12,tour,view,2
749,42,12,tour,click,3
750,88,12,tour,favorite,4
751,27,45,tour,search,1
752,64,45,tour,view,2
753,101,45,tour,click,3
754,9,78,tour,view,2
755,53,78,tour,click,3
756,76,78,tour,book,5
757,18,25,hotel,view,2
758,61,25,hotel,click,3
759,94,25,hotel,favorite,4
760,33,60,hotel,search,1
761,70,60,hotel,view,2
762,105,60,hotel,click,3
763,21,82,hotel,view,2
764,59,82,hotel,click,3
765,87,82,hotel,book,5
766,14,79,attraction,view,2
767,46,79,attraction,click,3
768,92,79,attraction,favorite,4
769,31,120,attraction,search,1
770,68,120,attraction,view,2
771,100,120,attraction,click,3
772,17,150,attraction,view,2
773,55,150,attraction,click,3
774,83,150,attraction,book,5
775,26,33,restaurant,view,2
776,62,33,restaurant,click,3
777,90,33,restaurant,favorite,4
778,11,88,restaurant,search,1
779,47,88,restaurant,view,2
780,74,88,restaurant,click,3
781,29,127,restaurant,view,2
782,66,127,restaurant,click,3
783,98,127,restaurant,book,5
784,14,5,tour,view,2
785,37,5,tour,click,3
786,82,12,tour,favorite,4
787,59,12,tour,book,5
788,23,31,tour,search,1
789,91,31,tour,view,2
790,48,44,tour,click,3
791,76,44,tour,favorite,4
792,18,7,hotel,view,2
793,65,7,hotel,click,3
794,102,15,hotel,favorite,4
795,34,15,hotel,book,5
796,71,33,hotel,view,2
797,27,33,hotel,click,3
798,88,42,hotel,favorite,4
799,53,42,hotel,book,5
800,16,79,attraction,view,2
801,94,79,attraction,click,3
802,61,79,attraction,favorite,4
803,39,79,attraction,book,5
804,72,101,attraction,view,2
805,21,101,attraction,click,3
806,86,120,attraction,favorite,4
807,55,120,attraction,book,5
808,19,5,restaurant,view,2
809,67,5,restaurant,click,3
810,104,12,restaurant,favorite,4
811,41,12,restaurant,book,5
812,58,48,restaurant,view,2
813,29,48,restaurant,click,3
814,93,73,restaurant,favorite,4
815,64,73,restaurant,book,5
816,35,107,restaurant,view,2
817,77,107,restaurant,click,3
818,52,120,restaurant,favorite,4
819,90,120,restaurant,book,5
820,11,127,restaurant,view,2
821,69,127,restaurant,click,3
822,14,5,tour,view,2
823,27,5,tour,click,3
824,83,5,tour,favorite,4
825,41,18,tour,view,2
826,96,18,tour,click,3
827,22,18,tour,book,5
828,55,44,tour,search,1
829,68,44,tour,view,2
830,73,12,hotel,view,2
831,19,12,hotel,click,3
832,88,12,hotel,favorite,4
833,34,47,hotel,view,2
834,61,47,hotel,click,3
835,92,89,hotel,search,1
836,25,89,hotel,view,2
837,47,9,attraction,view,2
838,79,9,attraction,click,3
839,101,9,attraction,favorite,4
840,16,37,attraction,view,2
841,66,37,attraction,click,3
842,58,74,attraction,search,1
843,84,74,attraction,view,2
844,29,118,attraction,view,2
845,97,118,attraction,click,3
846,53,3,restaurant,view,2
847,11,3,restaurant,click,3
848,72,3,restaurant,favorite,4
849,64,28,restaurant,view,2
850,90,28,restaurant,click,3
851,38,66,restaurant,search,1
852,104,66,restaurant,view,2
853,21,101,restaurant,view,2
854,87,101,restaurant,click,3
855,49,127,restaurant,favorite,4
856,106,127,restaurant,click,3
857,12,5,tour,search,1
858,34,5,tour,view,2
859,58,5,tour,click,3
860,91,12,tour,favorite,4
861,77,18,tour,book,5
862,26,33,hotel,search,1
863,49,33,hotel,view,2
864,63,33,hotel,click,3
865,88,40,hotel,favorite,4
866,101,40,hotel,book,5
867,14,79,attraction,search,1
868,38,79,attraction,view,2
869,66,79,attraction,click,3
870,92,85,attraction,favorite,4
871,54,85,attraction,book,5
872,19,107,restaurant,search,1
873,42,107,restaurant,view,2
874,73,107,restaurant,click,3
875,95,115,restaurant,favorite,4
876,61,115,restaurant,book,5
877,28,21,tour,view,2
878,46,21,tour,click,3
879,82,21,tour,favorite,4
880,17,60,hotel,view,2
881,59,60,hotel,click,3
882,103,60,hotel,favorite,4
883,31,120,attraction,view,2
884,68,120,attraction,click,3
885,90,120,attraction,book,5
886,22,99,restaurant,view,2
887,47,99,restaurant,click,3
888,76,99,restaurant,favorite,4
889,35,30,tour,view,2
890,64,30,tour,click,3
891,87,30,tour,book,5
892,41,72,hotel,view,2
893,69,72,hotel,click,3
894,98,72,hotel,book,5
895,14,5,tour,view,2
896,27,5,tour,click,3
897,88,5,tour,favorite,4
898,53,12,tour,search,1
899,91,12,tour,click,3
900,36,18,tour,view,2
901,72,33,hotel,view,2
902,19,33,hotel,click,3
903,84,33,hotel,favorite,4
904,41,40,hotel,view,2
905,67,40,hotel,click,3
906,102,55,hotel,book,5
907,23,79,attraction,view,2
908,59,79,attraction,click,3
909,94,79,attraction,favorite,4
910,31,90,attraction,view,2
911,76,90,attraction,click,3
912,48,101,attraction,book,5
913,66,15,restaurant,view,2
914,29,15,restaurant,click,3
915,87,15,restaurant,favorite,4
916,52,42,restaurant,view,2
917,101,42,restaurant,click,3
918,73,42,restaurant,book,5
919,18,64,attraction,view,2
920,45,64,attraction,click,3
921,92,64,attraction,favorite,4
922,26,88,hotel,view,2
923,60,88,hotel,click,3
924,105,88,hotel,favorite,4
925,34,120,restaurant,view,2
926,81,120,restaurant,click,3
927,97,120,restaurant,book,5
928,55,24,tour,view,2
929,70,24,tour,click,3
930,99,24,tour,book,5
931,22,175,attraction,view,2
932,64,175,attraction,click,3
933,90,175,attraction,favorite,4
934,12,45,tour,view,2
935,88,12,hotel,click,3
936,95,88,attraction,search,1
937,23,5,restaurant,favorite,4
938,45,110,tour,book,5
939,76,35,hotel,view,2
940,9,150,attraction,click,3
941,102,60,restaurant,view,2
942,34,25,tour,search,1
943,51,130,hotel,click,3
944,67,40,attraction,favorite,4
945,82,99,restaurant,book,5
946,15,88,tour,view,2
947,99,8,hotel,search,1
948,7,42,attraction,click,3
949,41,15,restaurant,view,2
950,29,101,tour,click,3
951,106,55,hotel,favorite,4
952,63,170,attraction,view,2
953,55,75,restaurant,search,1
954,80,5,tour,book,5
955,19,125,hotel,view,2
956,38,15,attraction,click,3
957,91,112,restaurant,favorite,4
958,72,66,tour,view,2
959,10,90,hotel,search,1
960,48,100,attraction,click,3
961,85,30,restaurant,book,5
962,26,120,tour,view,2
963,59,10,hotel,click,3
964,94,78,attraction,view,2
965,13,50,restaurant,favorite,4
966,77,95,tour,search,1
967,33,105,hotel,click,3
968,104,160,attraction,book,5
969,21,85,restaurant,view,2
970,66,30,tour,click,3
971,44,45,hotel,view,2
972,89,122,attraction,search,1
973,53,10,restaurant,favorite,4
974,11,75,tour,click,3
975,39,135,hotel,book,5
976,98,145,attraction,view,2
977,28,118,restaurant,search,1
978,71,15,tour,view,2
979,101,70,hotel,click,3
980,50,68,attraction,favorite,4
981,17,44,restaurant,view,2
982,84,115,tour,search,1
983,62,58,hotel,view,2
984,30,80,attraction,click,3
985,92,92,restaurant,book,5
986,8,60,tour,view,2
987,75,128,hotel,favorite,4
988,105,5,attraction,search,1
989,49,126,restaurant,click,3
990,57,40,tour,view,2
991,20,96,hotel,click,3
992,87,110,attraction,view,2
993,36,108,restaurant,search,1
994,14,5,tour,view,2
995,27,5,tour,click,3
996,83,5,tour,favorite,4
997,19,18,tour,view,2
998,64,18,tour,click,3
999,71,42,tour,search,1
1000,95,42,tour,view,2
1001,22,7,hotel,view,2
1002,48,7,hotel,click,3
1003,102,7,hotel,favorite,4
1004,36,25,hotel,view,2
1005,77,25,hotel,click,3
1006,58,64,attraction,view,2
1007,91,64,attraction,click,3
1008,13,64,attraction,favorite,4
1009,44,89,attraction,view,2
1010,68,89,attraction,click,3
1011,106,107,restaurant,view,2
1012,39,107,restaurant,click,3
1013,74,107,restaurant,favorite,4
1014,52,18,restaurant,view,2
1015,87,18,restaurant,click,3
1016,29,96,restaurant,view,2
1017,61,96,restaurant,click,3
1018,16,120,restaurant,view,2
1019,94,120,restaurant,favorite,4
1020,33,101,attraction,view,2
1021,79,101,attraction,click,3
1022,47,136,hotel,view,2
1023,88,136,hotel,click,3
1024,21,82,hotel,view,2
1025,69,82,hotel,favorite,4
1026,11,74,tour,view,2
1027,57,74,tour,click,3
1028,92,110,tour,view,2
1029,38,110,tour,favorite,4
1030,66,154,attraction,view,2
1031,101,154,attraction,click,3
1032,24,175,attraction,view,2
1033,84,175,attraction,favorite,4
1074,15,12,tour,view,2
1075,44,12,tour,click,3
1076,78,12,tour,favorite,4
1077,91,12,tour,book,5
1078,22,45,tour,view,2
1079,67,45,tour,click,3
1080,34,7,hotel,view,2
1081,59,7,hotel,click,3
1082,83,7,hotel,favorite,4
1083,41,29,hotel,view,2
1084,96,29,hotel,click,3
1085,18,79,attraction,view,2
1086,52,79,attraction,click,3
1087,71,79,attraction,favorite,4
1088,26,120,attraction,view,2
1089,64,120,attraction,click,3
1090,9,150,attraction,view,2
1091,88,150,attraction,favorite,4
1092,37,3,restaurant,view,2
1093,55,3,restaurant,click,3
1094,62,18,restaurant,view,2
1095,101,18,restaurant,favorite,4
1096,14,64,restaurant,view,2
1097,48,64,restaurant,click,3
1098,73,90,restaurant,view,2
1099,95,90,restaurant,favorite,4
1100,28,110,restaurant,view,2
1101,66,110,restaurant,click,3
1102,19,125,restaurant,view,2
1103,87,125,restaurant,favorite,4
1104,33,100,tour,view,2
1105,58,100,tour,click,3
1106,72,126,hotel,view,2
1107,104,126,hotel,favorite,4
1108,16,136,hotel,view,2
1109,93,136,hotel,click,3
1110,12,5,tour,view,2
1111,34,5,tour,click,3
1112,78,12,tour,favorite,4
1113,56,18,tour,view,2
1114,91,18,tour,click,3
1115,23,31,hotel,view,2
1116,67,31,hotel,click,3
1117,88,31,hotel,favorite,4
1118,45,45,hotel,view,2
1119,102,45,hotel,click,3
1120,14,79,attraction,view,2
1121,59,79,attraction,click,3
1122,81,79,attraction,favorite,4
1123,36,95,attraction,view,2
1124,97,95,attraction,click,3
1125,18,107,restaurant,view,2
1126,42,107,restaurant,click,3
1127,73,107,restaurant,favorite,4
1128,65,120,restaurant,view,2
1129,101,120,restaurant,click,3
1130,27,44,tour,view,2
1131,84,44,tour,click,3
1132,93,44,tour,book,5
1133,31,66,hotel,view,2
1134,76,66,hotel,click,3
1135,104,66,hotel,favorite,4
1136,22,140,attraction,view,2
1137,58,140,attraction,click,3
1138,99,140,attraction,favorite,4
1139,16,12,restaurant,view,2
1140,47,12,restaurant,click,3
1141,90,12,restaurant,favorite,4
1142,29,88,tour,view,2
1143,71,88,tour,click,3
1144,106,88,tour,favorite,4
1145,25,101,hotel,view,2
1146,62,101,hotel,click,3
1147,87,101,hotel,favorite,4
1148,33,155,attraction,view,2
1149,69,155,attraction,click,3
1150,95,155,attraction,favorite,4
1151,21,98,restaurant,view,2
1152,54,98,restaurant,click,3
1153,83,98,restaurant,favorite,4
1154,15,45,tour,view,2
1155,92,12,tour,click,3
1156,33,88,tour,search,1
1157,7,102,tour,book,5
1158,105,23,tour,view,2
1159,60,115,tour,favorite,4
1160,42,6,tour,click,3
1161,89,50,tour,view,2
1162,12,120,tour,search,1
1163,77,95,tour,click,3
1164,28,30,tour,view,2
1165,54,71,tour,book,5
1166,98,9,tour,favorite,4
1167,10,127,tour,click,3
1168,65,41,tour,view,2
1169,22,10,hotel,search,1
1170,81,55,hotel,view,2
1171,49,112,hotel,click,3
1172,106,80,hotel,favorite,4
1173,18,130,hotel,book,5
1174,72,5,hotel,view,2
1175,90,99,hotel,click,3
1176,35,25,hotel,search,1
1177,8,60,hotel,view,2
1178,59,125,hotel,favorite,4
1179,95,40,hotel,click,3
1180,26,75,hotel,view,2
1181,101,15,hotel,book,5
1182,47,92,hotel,search,1
1183,68,136,hotel,click,3
1184,14,15,attraction,view,2
1185,85,40,attraction,click,3
1186,51,88,attraction,favorite,4
1187,99,150,attraction,search,1
1188,20,175,attraction,book,5
1189,70,65,attraction,view,2
1190,38,120,attraction,click,3
1191,103,35,attraction,view,2
1192,56,160,attraction,favorite,4
1193,9,10,attraction,search,1
1194,62,95,attraction,click,3
1195,83,133,attraction,view,2
1196,29,70,attraction,book,5
1197,94,21,attraction,click,3
1198,17,105,attraction,view,2
1199,44,20,restaurant,search,1
1200,88,55,restaurant,click,3
1201,11,85,restaurant,view,2
1202,100,110,restaurant,favorite,4
1203,52,126,restaurant,book,5
1204,75,8,restaurant,view,2
1205,30,42,restaurant,click,3
1206,91,75,restaurant,search,1
1207,63,100,restaurant,view,2
1208,25,33,restaurant,favorite,4
1209,80,12,restaurant,click,3
1210,48,66,restaurant,book,5
1211,104,90,restaurant,view,2
1212,39,118,restaurant,click,3
1213,71,5,restaurant,view,2
1214,15,5,tour,view,2
1215,88,12,tour,click,3
1216,42,28,tour,search,1
1217,101,45,tour,favorite,4
1218,7,60,tour,book,5
1219,56,75,tour,view,2
1220,90,89,tour,click,3
1221,23,101,tour,view,2
1222,67,115,tour,search,1
1223,34,127,tour,click,3
1224,12,18,tour,favorite,4
1225,95,33,tour,view,2
1226,77,50,tour,click,3
1227,29,99,tour,book,5
1228,105,112,tour,view,2
1229,19,1,hotel,view,2
1230,82,10,hotel,click,3
1231,45,25,hotel,search,1
1232,66,40,hotel,favorite,4
1233,9,55,hotel,book,5
1234,31,70,hotel,view,2
1235,58,81,hotel,click,3
1236,92,90,hotel,view,2
1237,14,105,hotel,search,1
1238,73,118,hotel,click,3
1239,25,125,hotel,favorite,4
1240,100,136,hotel,view,2
1241,52,15,hotel,click,3
1242,8,38,hotel,book,5
1243,61,95,hotel,view,2
1244,80,5,attraction,view,2
1245,17,18,attraction,click,3
1246,38,35,attraction,search,1
1247,96,47,attraction,favorite,4
1248,106,68,attraction,book,5
1249,22,85,attraction,view,2
1250,55,99,attraction,click,3
1251,71,115,attraction,view,2
1252,89,130,attraction,search,1
1253,11,145,attraction,click,3
1254,48,160,attraction,favorite,4
1255,103,175,attraction,view,2
1256,33,21,attraction,click,3
1257,69,75,attraction,book,5
1258,13,100,attraction,view,2
1259,27,3,restaurant,view,2
1260,85,15,restaurant,click,3
1261,51,29,restaurant,search,1
1262,93,44,restaurant,favorite,4
1263,10,58,restaurant,book,5
1264,40,72,restaurant,view,2
1265,78,88,restaurant,click,3
1266,104,95,restaurant,view,2
1267,18,102,restaurant,search,1
1268,62,110,restaurant,click,3
1269,39,119,restaurant,favorite,4
1270,98,126,restaurant,view,2
1271,72,22,restaurant,click,3
1272,49,65,restaurant,book,5
1273,30,80,restaurant,view,2
1274,12,5,tour,view,2
1275,45,5,tour,click,3
1276,78,5,tour,favorite,4
1277,91,8,tour,view,2
1278,33,8,tour,click,3
1279,56,14,tour,search,1
1280,67,14,tour,view,2
1281,88,14,tour,click,3
1282,21,27,tour,view,2
1283,104,27,tour,book,5
1284,39,33,hotel,view,2
1285,72,33,hotel,click,3
1286,95,33,hotel,favorite,4
1287,18,41,hotel,view,2
1288,64,41,hotel,click,3
1289,29,56,hotel,search,1
1290,83,56,hotel,view,2
1291,11,79,attraction,view,2
1292,47,79,attraction,click,3
1293,92,79,attraction,favorite,4
1294,26,90,attraction,view,2
1295,71,90,attraction,click,3
1296,38,107,restaurant,view,2
1297,59,107,restaurant,click,3
1298,86,107,restaurant,favorite,4
1299,14,118,restaurant,view,2
1300,63,118,restaurant,click,3
1301,27,45,tour,view,2
1302,101,45,tour,book,5
1303,35,64,attraction,view,2
1304,74,64,attraction,click,3
1305,52,82,hotel,view,2
1306,90,82,hotel,favorite,4
1307,16,23,tour,search,1
1308,68,23,tour,view,2
1309,41,99,restaurant,view,2
1310,97,99,restaurant,click,3
1311,22,120,attraction,view,2
1312,85,120,attraction,favorite,4
1313,31,70,hotel,view,2
1314,106,70,hotel,click,3
1315,85,15,tour,view,2
1316,12,110,tour,click,3
1317,44,56,tour,search,1
1318,98,56,tour,view,2
1319,7,56,tour,click,3
1320,33,89,tour,favorite,4
1321,105,125,tour,book,5
1322,62,4,tour,view,2
1323,18,92,tour,click,3
1324,77,30,tour,view,2
1325,29,30,tour,favorite,4
1326,54,72,tour,search,1
1327,91,101,tour,click,3
1328,48,118,tour,view,2
1329,10,8,tour,book,5
1330,102,1,hotel,view,2
1331,25,15,hotel,click,3
1332,66,15,hotel,book,5
1333,81,40,hotel,search,1
1334,39,40,hotel,view,2
1335,106,95,hotel,favorite,4
1336,14,120,hotel,click,3
1337,72,136,hotel,view,2
1338,59,60,hotel,search,1
1339,93,112,hotel,view,2
1340,21,112,hotel,click,3
1341,40,78,hotel,favorite,4
1342,88,9,hotel,view,2
1343,8,131,hotel,click,3
1344,69,52,hotel,book,5
1345,15,10,attraction,view,2
1346,99,10,attraction,click,3
1347,36,160,attraction,favorite,4
1348,51,88,attraction,search,1
1349,103,88,attraction,view,2
1350,22,35,attraction,click,3
1351,75,120,attraction,book,5
1352,84,175,attraction,view,2
1353,9,66,attraction,search,1
1354,47,66,attraction,view,2
1355,61,142,attraction,click,3
1356,95,42,attraction,favorite,4
1357,17,98,attraction,view,2
1358,80,155,attraction,click,3
1359,27,2,attraction,view,2
1360,38,25,restaurant,search,1
1361,71,25,restaurant,view,2
1362,55,25,restaurant,click,3
1363,100,115,restaurant,favorite,4
1364,11,80,restaurant,view,2
1365,64,80,restaurant,click,3
1366,92,80,restaurant,book,5
1367,31,5,restaurant,view,2
1368,86,127,restaurant,click,3
1369,42,63,restaurant,search,1
1370,23,63,restaurant,view,2
1371,79,99,restaurant,favorite,4
1372,50,41,restaurant,click,3
1373,104,12,restaurant,view,2
1374,13,12,restaurant,book,5
1375,12,5,tour,view,2
1376,34,5,tour,click,3
1377,78,12,tour,search,1
1378,91,12,tour,favorite,4
1379,56,27,tour,view,2
1380,18,27,tour,click,3
1381,67,44,tour,view,2
1382,103,44,tour,book,5
1383,25,61,tour,search,1
1384,89,61,tour,click,3
1385,14,9,hotel,view,2
1386,77,9,hotel,click,3
1387,46,15,hotel,favorite,4
1388,92,15,hotel,view,2
1389,31,28,hotel,click,3
1390,64,28,hotel,book,5
1391,55,41,hotel,view,2
1392,101,41,hotel,favorite,4
1393,23,66,hotel,search,1
1394,87,66,hotel,click,3
1395,19,4,attraction,view,2
1396,72,4,attraction,click,3
1397,38,18,attraction,favorite,4
1398,95,18,attraction,book,5
1399,44,37,attraction,view,2
1400,81,37,attraction,click,3
1401,59,64,attraction,search,1
1402,102,64,attraction,favorite,4
1403,27,89,attraction,view,2
1404,68,89,attraction,click,3
1405,16,7,restaurant,view,2
1406,53,7,restaurant,click,3
1407,90,19,restaurant,favorite,4
1408,41,19,restaurant,view,2
1409,66,33,restaurant,click,3
1410,105,33,restaurant,book,5
1411,22,58,restaurant,view,2
1412,74,58,restaurant,favorite,4
1413,36,81,restaurant,search,1
1414,99,81,restaurant,click,3
1415,15,10,tour,view,2
1416,92,45,tour,click,3
1417,44,88,tour,search,1
1418,7,120,tour,favorite,4
1419,101,5,tour,book,5
1420,56,30,tour,view,2
1421,83,99,tour,click,3
1422,29,67,tour,view,2
1423,68,125,tour,search,1
1424,33,15,tour,click,3
1425,95,76,tour,view,2
1426,12,112,tour,favorite,4
1427,77,42,tour,view,2
1428,50,25,tour,click,3
1429,106,60,tour,search,1
1430,22,1,hotel,view,2
1431,89,10,hotel,click,3
1432,35,55,hotel,book,5
1433,61,95,hotel,search,1
1434,10,128,hotel,view,2
1435,98,7,hotel,favorite,4
1436,41,115,hotel,click,3
1437,72,33,hotel,view,2
1438,18,62,hotel,search,1
1439,104,101,hotel,click,3
1440,55,135,hotel,view,2
1441,8,20,hotel,book,5
1442,90,75,hotel,favorite,4
1443,27,48,hotel,view,2
1444,66,110,hotel,click,3
1445,38,15,attraction,view,2
1446,81,65,attraction,click,3
1447,14,100,attraction,search,1
1448,102,150,attraction,favorite,4
1449,59,172,attraction,book,5
1450,9,35,attraction,view,2
1451,75,80,attraction,click,3
1452,47,120,attraction,view,2
1453,93,145,attraction,search,1
1454,21,5,attraction,click,3
1455,88,70,attraction,view,2
1456,64,95,attraction,favorite,4
1457,31,160,attraction,click,3
1458,105,40,attraction,view,2
1459,53,115,attraction,search,1
1460,85,8,restaurant,view,2
1461,17,30,restaurant,click,3
1462,97,60,restaurant,book,5
1463,40,90,restaurant,search,1
1464,70,115,restaurant,view,2
1465,25,12,restaurant,favorite,4
1466,52,45,restaurant,click,3
1467,100,77,restaurant,view,2
1468,13,105,restaurant,search,1
1469,80,127,restaurant,click,3
1470,36,22,restaurant,view,2
1471,91,52,restaurant,favorite,4
1472,62,85,restaurant,click,3
1473,49,100,restaurant,view,2
1474,103,118,restaurant,book,5
1475,12,5,tour,search,1
1476,45,18,tour,view,2
1477,77,18,tour,click,3
1478,91,24,tour,favorite,4
1479,63,24,tour,book,5
1480,29,67,tour,view,2
1481,54,67,tour,click,3
1482,88,90,tour,favorite,4
1483,101,90,tour,book,5
1484,17,10,hotel,search,1
1485,68,10,hotel,view,2
1486,92,10,hotel,click,3
1487,35,22,hotel,favorite,4
1488,84,22,hotel,book,5
1489,41,55,hotel,view,2
1490,73,55,hotel,click,3
1491,97,78,hotel,favorite,4
1492,22,5,attraction,search,1
1493,58,5,attraction,view,2
1494,81,5,attraction,click,3
1495,39,33,attraction,favorite,4
1496,104,33,attraction,book,5
1497,26,88,attraction,view,2
1498,69,88,attraction,click,3
1499,93,120,attraction,favorite,4
1500,14,3,restaurant,search,1
1501,47,3,restaurant,view,2
1502,66,3,restaurant,click,3
1503,89,3,restaurant,favorite,4
1504,21,44,restaurant,view,2
1505,52,44,restaurant,click,3
1506,75,44,restaurant,favorite,4
1507,31,97,restaurant,view,2
1508,64,97,restaurant,click,3
1509,102,127,restaurant,favorite,4
1510,15,12,tour,view,2
1511,42,45,tour,click,3
1512,88,101,tour,search,1
1513,9,33,tour,book,5
1514,102,89,tour,view,2
1515,76,5,tour,favorite,4
1516,23,120,tour,click,3
1517,55,67,tour,view,2
1518,91,14,tour,view,2
1519,12,111,tour,search,1
1520,60,29,tour,click,3
1521,34,78,tour,book,5
1522,99,95,tour,view,2
1523,8,2,tour,favorite,4
1524,47,56,tour,click,3
1525,81,126,tour,search,1
1526,29,41,tour,view,2
1527,105,8,tour,click,3
1528,66,72,tour,book,5
1529,19,99,tour,view,2
1530,38,115,tour,favorite,4
1531,72,22,tour,search,1
1532,94,60,tour,click,3
1533,11,38,tour,view,2
1534,51,84,tour,click,3
1535,85,108,tour,search,1
1536,26,17,tour,book,5
1537,63,52,tour,view,2
1538,97,123,tour,favorite,4
1539,16,91,tour,click,3
1540,44,3,tour,view,2
1541,78,65,tour,search,1
1542,31,103,tour,click,3
1543,58,48,tour,book,5
1544,83,75,tour,view,2
1545,21,27,tour,favorite,4
1546,106,118,tour,click,3
1547,7,9,tour,view,2
1548,39,59,tour,search,1
1549,69,93,tour,click,3
1550,18,1,hotel,view,2
1551,53,10,hotel,click,3
1552,92,55,hotel,favorite,4
1553,28,98,hotel,search,1
1554,71,130,hotel,book,5
1555,100,22,hotel,view,2
1556,14,76,hotel,click,3
1557,64,112,hotel,view,2
1558,37,44,hotel,favorite,4
1559,86,8,hotel,search,1
1560,49,125,hotel,click,3
1561,95,61,hotel,view,2
1562,25,93,hotel,book,5
1563,75,30,hotel,view,2
1564,10,85,hotel,click,3
1565,59,105,hotel,search,1
1566,90,15,hotel,favorite,4
1567,33,118,hotel,click,3
1568,82,50,hotel,view,2
1569,46,68,hotel,book,5
1570,103,135,hotel,view,2
1571,20,26,hotel,search,1
1572,68,79,hotel,click,3
1573,93,110,hotel,favorite,4
1574,40,5,hotel,view,2
1575,79,41,hotel,click,3
1576,13,90,hotel,search,1
1577,56,122,hotel,book,5
1578,104,35,hotel,view,2
1579,30,71,hotel,click,3
1580,89,99,hotel,favorite,4
1581,43,58,hotel,view,2
1582,73,128,hotel,search,1
1583,22,18,hotel,click,3
1584,61,82,hotel,book,5
1585,96,48,hotel,view,2
1586,35,103,hotel,favorite,4
1587,83,116,hotel,click,3
1588,48,63,hotel,search,1
1589,101,133,hotel,view,2
1590,17,5,attraction,view,2
1591,52,35,attraction,click,3
1592,87,88,attraction,search,1
1593,32,150,attraction,book,5
1594,74,15,attraction,view,2
1595,98,70,attraction,favorite,4
1596,27,112,attraction,click,3
1597,65,42,attraction,view,2
1598,36,165,attraction,view,2
1599,80,95,attraction,search,1
1600,45,20,attraction,click,3
1601,92,133,attraction,book,5
1602,11,64,attraction,view,2
1603,57,108,attraction,favorite,4
1604,84,172,attraction,click,3
1605,24,38,attraction,search,1
1606,70,79,attraction,view,2
1607,102,145,attraction,click,3
1608,41,9,attraction,book,5
1609,77,119,attraction,view,2
1610,33,46,attraction,favorite,4
1611,62,85,attraction,search,1
1612,94,158,attraction,click,3
1613,15,68,attraction,view,2
1614,50,126,attraction,click,3
1615,89,34,attraction,search,1
1616,29,102,attraction,book,5
1617,67,169,attraction,view,2
1618,106,11,attraction,favorite,4
1619,38,73,attraction,click,3
1620,54,140,attraction,view,2
1621,81,92,attraction,search,1
1622,21,40,attraction,click,3
1623,72,114,attraction,book,5
1624,97,175,attraction,view,2
1625,43,66,attraction,favorite,4
1626,8,131,attraction,click,3
1627,59,100,attraction,view,2
1628,104,155,attraction,search,1
1629,30,22,attraction,click,3
1630,12,5,restaurant,view,2
1631,48,32,restaurant,click,3
1632,85,99,restaurant,search,1
1633,26,60,restaurant,book,5
1634,71,120,restaurant,view,2
1635,100,15,restaurant,favorite,4
1636,18,88,restaurant,click,3
1637,61,44,restaurant,view,2
1638,90,105,restaurant,view,2
1639,35,12,restaurant,search,1
1640,76,70,restaurant,click,3
1641,105,118,restaurant,book,5
1642,22,28,restaurant,view,2
1643,53,55,restaurant,favorite,4
1644,88,91,restaurant,click,3
1645,44,125,restaurant,search,1
1646,66,8,restaurant,view,2
1647,96,40,restaurant,click,3
1648,10,82,restaurant,book,5
1649,39,111,restaurant,view,2
1650,79,21,restaurant,favorite,4
1651,25,65,restaurant,search,1
1652,57,95,restaurant,click,3
1653,83,127,restaurant,view,2
1654,49,36,restaurant,click,3
1655,93,77,restaurant,search,1
1656,16,50,restaurant,book,5
1657,63,102,restaurant,view,2
1658,103,19,restaurant,favorite,4
1659,31,85,restaurant,click,3
1660,75,115,restaurant,view,2
1661,46,58,restaurant,search,1
1662,86,90,restaurant,click,3
1663,20,122,restaurant,book,5
1664,68,7,restaurant,view,2
1665,99,43,restaurant,favorite,4
1666,37,72,restaurant,click,3
1667,82,108,restaurant,view,2
1668,55,30,restaurant,search,1
1669,9,126,restaurant,click,3
1670,14,1,tour,search,1
1671,52,1,tour,view,2
1672,89,1,tour,click,3
1673,33,2,tour,view,2
1674,71,2,tour,favorite,4
1675,18,5,tour,search,1
1676,64,5,tour,click,3
1677,97,5,tour,book,5
1678,21,12,tour,view,2
1679,84,12,tour,click,3
1680,9,31,tour,search,1
1681,56,31,tour,view,2
1682,103,31,tour,favorite,4
1683,44,33,hotel,view,2
1684,68,33,hotel,click,3
1685,91,33,hotel,favorite,4
1686,17,45,hotel,search,1
1687,62,45,hotel,view,2
1688,104,45,hotel,click,3
1689,29,79,attraction,view,2
1690,58,79,attraction,click,3
1691,76,79,attraction,favorite,4
1692,95,79,attraction,book,5
1693,23,120,attraction,view,2
1694,69,120,attraction,click,3
1695,11,107,restaurant,search,1
1696,46,107,restaurant,view,2
1697,88,107,restaurant,click,3
1698,15,122,restaurant,view,2
1699,61,122,restaurant,favorite,4
1700,102,122,restaurant,click,3
1701,19,127,restaurant,view,2
1702,74,127,restaurant,click,3
1703,99,127,restaurant,favorite,4
1704,15,12,tour,view,2
1705,88,45,tour,search,1
1706,42,89,tour,click,3
1707,9,102,tour,view,2
1708,76,5,tour,book,5
1709,101,120,tour,favorite,4
1710,33,30,tour,view,2
1711,55,66,tour,click,3
1712,12,11,tour,view,2
1713,95,77,tour,search,1
1714,28,99,tour,click,3
1715,64,25,tour,view,2
1716,8,50,tour,favorite,4
1717,49,115,tour,view,2
1718,82,38,tour,click,3
1719,19,92,tour,book,5
1720,105,125,tour,view,2
1721,7,4,tour,search,1
1722,60,60,tour,view,2
1723,91,108,tour,click,3
1724,22,10,hotel,view,2
1725,71,55,hotel,search,1
1726,39,95,hotel,click,3
1727,14,120,hotel,favorite,4
1728,85,30,hotel,view,2
1729,51,65,hotel,book,5
1730,99,136,hotel,view,2
1731,10,5,hotel,click,3
1732,68,80,hotel,view,2
1733,35,105,hotel,search,1
1734,79,42,hotel,click,3
1735,25,15,hotel,view,2
1736,93,110,hotel,favorite,4
1737,46,75,hotel,view,2
1738,11,28,hotel,click,3
1739,58,130,hotel,view,2
1740,106,90,hotel,book,5
1741,31,50,hotel,search,1
1742,73,12,hotel,view,2
1743,89,99,hotel,click,3
1744,17,10,attraction,view,2
1745,62,70,attraction,click,3
1746,40,150,attraction,search,1
1747,97,35,attraction,view,2
1748,29,85,attraction,favorite,4
1749,81,120,attraction,click,3
1750,53,5,attraction,book,5
1751,13,175,attraction,view,2
1752,75,99,attraction,search,1
1753,37,66,attraction,click,3
1754,92,110,attraction,view,2
1755,20,15,attraction,favorite,4
1756,69,133,attraction,view,2
1757,44,40,attraction,click,3
1758,103,80,attraction,search,1
1759,8,160,attraction,view,2
1760,57,105,attraction,book,5
1761,32,90,attraction,click,3
1762,86,125,attraction,view,2
1763,23,20,attraction,favorite,4
1764,94,25,restaurant,view,2
1765,48,60,restaurant,click,3
1766,16,95,restaurant,search,1
1767,78,115,restaurant,view,2
1768,30,8,restaurant,favorite,4
1769,100,45,restaurant,book,5
1770,66,88,restaurant,view,2
1771,38,12,restaurant,click,3
1772,83,102,restaurant,view,2
1773,21,33,restaurant,search,1
1774,54,72,restaurant,click,3
1775,90,127,restaurant,view,2
1776,27,50,restaurant,favorite,4
1777,72,9,restaurant,view,2
1778,43,82,restaurant,click,3
1779,104,110,restaurant,book,5
1780,18,19,restaurant,view,2
1781,61,65,restaurant,search,1
1782,87,98,restaurant,click,3
1783,36,122,restaurant,view,2
1784,50,24,tour,view,2
1785,98,48,hotel,click,3
1786,26,88,attraction,search,1
1787,74,55,restaurant,view,2
1788,15,61,tour,favorite,4
1789,63,102,hotel,book,5
1790,41,140,attraction,view,2
1791,84,10,restaurant,click,3
1792,96,78,tour,view,2
1793,34,125,hotel,search,1
1794,59,165,attraction,click,3
1795,7,30,restaurant,favorite,4
1796,70,95,tour,view,2
1797,24,77,hotel,click,3
1798,80,45,attraction,book,5
1799,52,118,restaurant,view,2
1800,102,112,tour,search,1
1801,47,58,hotel,view,2
1802,9,108,attraction,click,3
1803,67,40,restaurant,view,2
1804,88,33,tour,favorite,4
1805,19,15,hotel,view,2
1806,56,75,attraction,click,3
1807,31,92,restaurant,book,5
1808,105,105,tour,view,2
1809,45,96,hotel,search,1
1810,77,122,attraction,click,3
1811,22,5,restaurant,view,2
1812,93,8,tour,favorite,4
1813,65,111,hotel,view,2
1814,11,19,attraction,click,3
1815,39,85,restaurant,search,1
1816,73,56,tour,view,2
1817,51,22,hotel,click,3
1818,99,172,attraction,book,5
1819,28,44,restaurant,view,2
1820,82,126,tour,favorite,4
1821,14,132,hotel,view,2
1822,60,94,attraction,click,3
1823,36,100,restaurant,search,1
1824,44,42,tour,view,2
1825,89,70,hotel,click,3
1826,17,38,attraction,view,2
1827,71,16,restaurant,favorite,4
1828,106,91,tour,book,5
1829,55,118,hotel,view,2
1830,25,155,attraction,search,1
1831,81,75,restaurant,click,3
1832,37,18,tour,view,2
1833,91,52,hotel,favorite,4
1834,68,67,attraction,view,2
1835,13,113,restaurant,click,3
1836,40,100,tour,search,1
1837,95,91,hotel,view,2
1838,57,135,attraction,book,5
1839,29,29,restaurant,view,2
1840,76,74,tour,click,3
1841,101,104,hotel,view,2
1842,46,83,attraction,favorite,4
1843,85,59,restaurant,search,1
1844,20,110,tour,view,2
1845,64,27,hotel,click,3
1846,97,102,attraction,view,2
1847,33,93,restaurant,book,5
1848,54,35,tour,view,2
1849,8,62,hotel,search,1
1850,75,168,attraction,click,3
1851,104,3,restaurant,view,2
1852,43,63,tour,favorite,4
1853,90,114,hotel,view,2
1854,23,72,attraction,search,1
1855,69,41,restaurant,click,3
1856,12,85,tour,view,2
1857,58,49,hotel,book,5
1858,86,145,attraction,view,2
1859,30,80,restaurant,favorite,4
1860,102,123,tour,click,3
1861,48,101,hotel,view,2
1862,79,115,attraction,search,1
1863,16,121,restaurant,click,3
1864,12,5,tour,search,1
1865,44,5,tour,view,2
1866,81,5,tour,click,3
1867,93,5,tour,favorite,4
1868,27,18,tour,view,2
1869,66,18,tour,click,3
1870,101,18,tour,book,5
1871,34,77,tour,search,1
1872,52,77,tour,view,2
1873,89,77,tour,click,3
1874,15,33,hotel,view,2
1875,48,33,hotel,click,3
1876,92,33,hotel,favorite,4
1877,23,79,hotel,view,2
1878,61,79,hotel,click,3
1879,39,120,hotel,search,1
1880,75,120,hotel,view,2
1881,11,45,attraction,view,2
1882,58,45,attraction,click,3
1883,96,45,attraction,favorite,4
1884,18,88,attraction,search,1
1885,63,88,attraction,view,2
1886,104,88,attraction,click,3
1887,29,134,attraction,view,2
1888,71,134,attraction,favorite,4
1889,22,12,restaurant,search,1
1890,49,12,restaurant,view,2
1891,86,12,restaurant,click,3
1892,17,66,restaurant,view,2
1893,53,66,restaurant,favorite,4
1894,31,101,restaurant,search,1
1895,68,101,restaurant,view,2
1896,99,101,restaurant,click,3
1897,45,127,restaurant,view,2
1898,90,127,restaurant,favorite,4
